inst_hash,veredito
66eedfea72318463060491b62a7d3be23571106207e15e2ab1ab333e4d36fb76,Inconclusivo
b88c056bbb78519a91464104792993b07759e0d4feb0f2be8c9fb914d42f31ea,Inconclusivo
82692ea617ff79af1ad2db0f5b073d3bb698db4a21c71c47b1a246c6570bc1b9,Inconclusivo
513c5d624df53bfcf451837fbbd882af6856020bd1e3df5787930d9a8daa1a0b,Inconclusivo
7e960bcc0aff016d382d17dfb6f8ca8c0a5ea23200eab560c46a7d4b8e0b0771,Inconclusivo
50a5a5dc56e6eef00fc414d7924dbb34179d73b8557d4f55cbadc7bbfce7b2c9,Inconclusivo
378076dc556eff34703d78074feb5d5663aa1c302387335c8578f41b05f915a3,Inconclusivo
67bc48603bfcbe2351eb75d5fad61f508a7263a6acdb2db8885e73b8b9648c66,Inconclusivo
0c7893d7cb765dc15e04b84260802135302254302ea13cf27e60d40d67ebad0c,Inconclusivo
4ae6d23696a0aaa941f9db272f067059b8a21dc5b771216a143a23121e6adea2,Inconclusivo
439408a7391faff4d41be3081d8e80b68911aa252668cb20c97b3c5a239c94d6,Inconclusivo
4f41ecf331e01d25b3f5d8b4045b3e2991879b36e9f46c792443905986a9b1b8,Inconclusivo
1664acd3d3d69cb01916f1074a92a12a73ee8c4c04f5e0f1b3550e83e3bee68b,Inconclusivo
40ccfdfa7f0468cad63b5e61fe7941cb9441076395482a76e36a4859b92cb0de,Inconclusivo
50a2dbce2bac555d116f78310f2ca65847f464774b078bc25c85eee2650abed9,Inconclusivo
cf99f4f9ed6c41c98e9be78ad87ed7fe0a7f1c973f54a63683e1e958ee4fe5b6,Inconclusivo
2a9730d62ceac7a65853f26bafeb02585d9a3a3fa113318cd358c4548307188b,Inconclusivo
00ff3fa786a6fd526342786323a73e61ca98b71005a02fee9608ca7dfc638aec,Inconclusivo
915f7477dd0e03c4737962a96257aa250ab62d30916ce116de80d955f8172a0d,Inconclusivo
74e013085145b7a327b1f136220b24eb22f3a3fb9444c8d3529446bd7e7cd49d,Inconclusivo
44d757b06238b36867f1d895c265b44780582535a04a314c5cb0d0b1cf4eec4b,Inconclusivo
c5b3f66c5dad100667b5ff86fc386fc7578c5a0190ac72261567b9b967430ac8,Inconclusivo
